Date (s),Itot (A)
0,4.631476083628282e-16
1e-15,4.74752758614153e-16
2e-15,4.537238688219845e-16
3.2e-15,4.676422140572494e-16
4.64e-15,4.632759031990955e-16
6.368e-15,4.671020963434768e-16
7.36044e-15,4.537994788328821e-16
8.18937e-15,4.758222752130317e-16
8.79292e-15,4.472740908238934e-16
9.19528e-15,4.789235989100965e-16
9.46352e-15,4.323120263958165e-16
9.64235e-15,5.051086393805479e-16
9.76156e-15,3.615236202519737e-16
9.88078e-15,5.453904285789056e-16
9.94039e-15,3.370512535303724e-16
1e-14,-0.0001107884722527986
1.00715e-14,4.908321815022675e-08
1.0106e-14,9.717360759994162e-08
1.01348e-14,1.601122564335813e-07
1.01587e-14,2.310826512687801e-07
1.01787e-14,3.044470107086617e-07
1.01953e-14,3.761642444924988e-07
1.02092e-14,4.439106406874482e-07
1.0224e-14,5.252092531928875e-07
1.02395e-14,6.20611927872899e-07
1.02558e-14,7.326620331174148e-07
1.02729e-14,8.641146536240059e-07
1.02909e-14,1.018159180090414e-06
1.031e-14,1.19845300059901e-06
1.03302e-14,1.409174782876641e-06
1.03516e-14,1.65507547418469e-06
1.03743e-14,1.941526100630597e-06
1.03985e-14,2.274558182171476e-06
1.04242e-14,2.660891207204454e-06
1.04516e-14,3.10793956791506e-06
1.04806e-14,3.618679022122195e-06
1.05108e-14,4.188077528448199e-06
1.05423e-14,4.821872701815367e-06
1.05753e-14,5.5245332743022e-06
1.061e-14,6.300125567207639e-06
1.06465e-14,7.151905205707213e-06
1.0685e-14,8.081916967920041e-06
1.07257e-14,2.769246033165836e-06
1.0769e-14,1.017490133661611e-05
1.08031e-14,1.103011447913419e-05
1.08372e-14,1.188000927664985e-05
1.08713e-14,1.271772631471396e-05
1.09122e-14,1.370286271837295e-05
1.09613e-14,1.516197132154521e-05
1.10203e-14,1.620611205602694e-05
1.10844e-14,1.763036578778244e-05
1.11532e-14,1.911398741222482e-05
1.12273e-14,2.065922443945474e-05
1.13068e-14,2.226653320020832e-05
1.13923e-14,2.370027120570975e-05
1.1484e-14,2.566821248875167e-05
1.15824e-14,2.746075881137703e-05
1.16876e-14,2.931108240307762e-05
1.18002e-14,3.121800592483638e-05
1.19204e-14,3.317991995913718e-05
1.20488e-14,3.519494930443387e-05
1.218e-14,3.717642826023249e-05
1.23136e-14,3.911877008252799e-05
1.24504e-14,4.096492094240615e-05
1.25912e-14,4.293971553422214e-05
1.27365e-14,4.483445704676647e-05
1.28869e-14,4.678452577345094e-05
1.3045e-14,4.864360484300646e-05
1.32124e-14,5.060096815751113e-05
1.33895e-14,5.249245638216127e-05
1.35766e-14,5.47241492037476e-05
1.37744e-14,5.668414920300915e-05
1.3983e-14,5.877401874943429e-05
1.42033e-14,3.928095779502456e-05
1.44356e-14,6.608915990602025e-05
1.46804e-14,6.582823028524265e-05
1.49371e-14,6.751715458138332e-05
1.52074e-14,6.971495552321578e-05
1.54915e-14,7.192486258617004e-05
1.57913e-14,7.415318376993736e-05
1.61056e-14,7.638445623215402e-05
1.64338e-14,7.872973559508464e-05
1.67768e-14,8.082156635063451e-05
1.71317e-14,8.300566190856623e-05
1.74866e-14,8.508798778151008e-05
1.76049e-14,8.576114827922291e-05
1.77232e-14,8.642400913537981e-05
1.77824e-14,8.675170147084438e-05
1.78415e-14,8.707690170974221e-05
1.79125e-14,8.745562586422862e-05
1.79977e-14,8.787136327131858e-05
1.80999e-14,8.828608849949128e-05
1.82225e-14,8.86340586496691e-05
1.83697e-14,8.882618901999746e-05
1.85413e-14,8.880044421453696e-05
1.8627e-14,8.874963809740815e-05
1.87128e-14,8.868497600656704e-05
1.88157e-14,8.860745970597623e-05
1.89392e-14,8.851455506423141e-05
1.90874e-14,8.840323735876063e-05
1.92653e-14,8.826990040036012e-05
1.94787e-14,8.811025138341259e-05
1.97348e-14,8.79191901706931e-05
2.00421e-14,8.769065575428165e-05
2.04109e-14,8.741741746303846e-05
2.08534e-14,8.709108119375229e-05
2.13844e-14,8.670170304782555e-05
2.20217e-14,8.623766134170724e-05
2.27864e-14,8.56854483798858e-05
2.36961e-14,8.503502450446661e-05
2.46365e-14,8.436948340646378e-05
2.55983e-14,8.369588924321828e-05
2.65855e-14,8.301202477525572e-05
2.76107e-14,8.230986837120829e-05
2.86651e-14,8.159625855626435e-05
2.97606e-14,8.086390175483439e-05
3.0887e-14,8.012061112082326e-05
3.20298e-14,7.937653489447571e-05
3.31931e-14,7.862938772084402e-05
3.43938e-14,7.786935917823815e-05
3.56137e-14,7.710885407616642e-05
3.68641e-14,7.634127014363205e-05
3.81391e-14,7.55706476269393e-05
3.94416e-14,7.47960688264378e-05
4.07813e-14,7.401264577998555e-05
4.21507e-14,7.322601051844043e-05
4.35412e-14,7.244166206901946e-05
4.49672e-14,7.165224327521197e-05
4.64155e-14,7.08650059207439e-05
4.78838e-14,7.007435377866611e-05
4.93755e-14,6.930427222783611e-05
5.08901e-14,6.852977522248364e-05
5.24248e-14,6.776181522775407e-05
5.39761e-14,6.700195970444932e-05
5.55603e-14,6.62430143037065e-05
5.71691e-14,6.548976997928639e-05
5.88031e-14,6.474290777928356e-05
6.04723e-14,6.399823991430575e-05
6.21759e-14,6.530750260008363e-05
6.39104e-14,4.951250850920847e-05
6.56823e-14,6.016074010152009e-05
6.7467e-14,6.294289780989497e-05
6.92758e-14,6.136058625833587e-05
7.11197e-14,5.999986352369407e-05
7.29979e-14,5.912062189391937e-05
7.48942e-14,5.915093178889067e-05
7.6828e-14,5.937190004799293e-05
7.87973e-14,5.472277292782509e-05
8.0798e-14,5.712684638354891e-05
8.28397e-14,5.5354753458758e-05
8.49127e-14,5.546574469887109e-05
8.70289e-14,5.511732318522046e-05
8.91869e-14,5.510799399040643e-05
9.13792e-14,5.362126488210079e-05
9.36098e-14,5.322689590357593e-05
9.58826e-14,5.236378760245279e-05
9.81851e-14,5.19017257783419e-05
1.00513e-13,5.147400235614917e-05
1.02884e-13,5.123941329554635e-05
1.05299e-13,5.026581828052019e-05
1.07755e-13,4.987260891341605e-05
1.10259e-13,4.926059327108434e-05
1.12807e-13,4.900809852433913e-05
1.15392e-13,4.846755407260443e-05
1.18021e-13,4.787231138892381e-05
1.20692e-13,4.739377007888553e-05
1.23407e-13,4.705563469836343e-05
1.26169e-13,4.67274427181256e-05
1.28982e-13,4.628620273850528e-05
1.31843e-13,4.594620147362473e-05
1.34756e-13,4.564442026238202e-05
1.37723e-13,4.529117514836322e-05
1.40746e-13,4.499899067760366e-05
1.43824e-13,4.472052640126808e-05
1.46952e-13,4.446059690392345e-05
1.5014e-13,4.422078371045365e-05
1.53389e-13,4.399893944249004e-05
1.56696e-13,4.38013750315469e-05
1.60052e-13,4.555987182530437e-05
1.63468e-13,4.350006112386979e-05
1.66927e-13,4.336327713438207e-05
1.70452e-13,4.325237969915405e-05
1.74048e-13,4.374782862994605e-05
1.77709e-13,4.4395251428071e-05
1.81438e-13,4.300426510686142e-05
1.85237e-13,4.298725945287777e-05
1.89099e-13,4.299556066261801e-05
1.93023e-13,4.413553714793489e-05
1.97016e-13,4.30902368003758e-05
2.01077e-13,4.317696458054277e-05
2.05206e-13,4.329124803351989e-05
2.09404e-13,4.343316183834636e-05
2.13673e-13,4.619534644380218e-05
2.18016e-13,4.373800373371444e-05
2.22446e-13,4.493637578135446e-05
2.26938e-13,4.42304452904067e-05
2.31523e-13,4.504598401735793e-05
2.36196e-13,4.483340320881993e-05
2.40944e-13,4.518810449604521e-05
2.45785e-13,3.959466568273973e-05
2.50717e-13,4.595365113623788e-05
2.55735e-13,4.69495672764326e-05
2.60835e-13,4.680535933461424e-05
2.66025e-13,4.689196292716996e-05
2.71315e-13,4.845171237761409e-05
2.76692e-13,4.784423666470089e-05
2.82163e-13,4.945507312916865e-05
2.8772e-13,4.988677832674378e-05
2.93384e-13,5.207294874105613e-05
2.99143e-13,4.996252540148289e-05
3.05e-13,5.216911359820778e-05
3.10968e-13,5.304549548330268e-05
3.17043e-13,5.387984029384959e-05
3.23217e-13,5.584189439670485e-05
3.29453e-13,5.596056845910319e-05
3.35806e-13,5.675130393698262e-05
3.42286e-13,5.787632642166444e-05
3.48873e-13,5.905601065610487e-05
3.55557e-13,6.035212911441235e-05
3.62354e-13,6.133172035103632e-05
3.69276e-13,6.215001722715973e-05
3.76293e-13,6.391701702934838e-05
3.83447e-13,6.573842036277927e-05
3.90715e-13,6.72728363265253e-05
3.98103e-13,6.887390069935794e-05
4.05633e-13,7.054561603027301e-05
4.1327e-13,7.226767015850858e-05
4.21061e-13,7.352625503281168e-05
4.29012e-13,7.579211257375076e-05
4.37102e-13,7.77607080606704e-05
4.45361e-13,7.980684357202887e-05
4.53774e-13,8.186335596946492e-05
4.62325e-13,8.410622648678347e-05
4.71058e-13,8.606303306035458e-05
4.79993e-13,8.709279724571626e-05
4.89109e-13,9.117398187809366e-05
4.9844e-13,9.374979106609049e-05
5.07984e-13,9.667282416602174e-05
5.1772e-13,9.911546308710863e-05
5.27691e-13,9.942170370135773e-05
5.37884e-13,0.00010488300357173
5.48325e-13,0.0001079458966157442
5.59006e-13,0.0001111244625814574
5.69946e-13,0.0001121609366559692
5.81047e-13,0.0001177566698028461
5.92488e-13,0.0001211394997206891
6.04225e-13,0.0001225738290539877
6.16282e-13,0.0001283768528523721
6.28672e-13,0.0001321504599676998
6.41368e-13,0.0001360181007019933
6.54393e-13,0.0001399839599426374
6.67755e-13,0.0001440201142794468
6.81463e-13,0.0001457266743507163
6.95429e-13,0.0001521044697117511
7.09892e-13,0.0001563544868415551
7.24772e-13,0.0001606563582867278
7.40096e-13,0.0001650047915579756
7.55869e-13,0.000169386723811217
7.72112e-13,0.0001719827243928182
7.88808e-13,0.000178082896939213
8.06036e-13,0.0001826021446713603
8.2382e-13,0.0001869687236685994
8.42175e-13,0.0001913433409783089
8.61111e-13,0.0001956761244275291
8.80631e-13,0.0001991346443603077
9.00734e-13,0.0002033359800550067
9.21441e-13,0.000208214209506477
9.42913e-13,0.0002118852222065038
9.64996e-13,0.0002161220004612927
9.87923e-13,0.0002197002429043248
1.01161e-12,0.0002234286064571302
1.03617e-12,0.0002267554764280048
1.06159e-12,0.0002306287008642116
1.08799e-12,0.0002338394247327076
1.11526e-12,0.0002371343298149281
1.14367e-12,0.0002401922369478552
1.17318e-12,0.0002430910896998218
1.20381e-12,0.0002459159679046821
1.2356e-12,0.0002482240120944723
1.26841e-12,0.0002511136027672098
1.3023e-12,0.0002535540967001866
1.33695e-12,0.0002558391923398828
1.37225e-12,0.0002577596834864055
1.40827e-12,0.0002601079081972211
1.44511e-12,0.0002620985778532984
1.48261e-12,0.0002640248168149868
1.52062e-12,0.0002658739364767619
1.5465e-12,0.0002670865842150354
1.57755e-12,0.0002684896130921141
1.61482e-12,0.0002701051182609914
1.65503e-12,0.000271688802582519
1.69537e-12,0.0002733901122080479
1.73658e-12,0.0002749939767653737
1.77853e-12,0.0002765797695302241
1.80696e-12,0.0002776463473430004
1.84108e-12,0.0002788850134105992
1.88202e-12,0.0002803341221817802
1.92622e-12,0.0002818590368973441
1.97108e-12,0.0002833670826073583
2.01658e-12,0.000284851153464102
2.0627e-12,0.0002863247210144341
2.10961e-12,0.0002877918838938547
2.157e-12,0.0002892269063213432
2.20517e-12,0.0002906473839416781
2.25398e-12,0.0002920461726061914
2.30341e-12,0.0002934221535198655
2.35342e-12,0.0002947699987074184
2.40394e-12,0.0002960942734190433
2.45552e-12,0.0002974175498436709
2.50761e-12,0.0002987018489715722
2.56022e-12,0.0002998005113597888
2.61381e-12,0.0003011705560727499
2.66784e-12,0.0003023840085513804
2.72247e-12,0.0003034881056395397
2.76996e-12,0.000304542566783543
2.82373e-12,0.0003056156548149707
2.87907e-12,0.0003066919308337991
2.93567e-12,0.0003077334425036842
2.99333e-12,0.000308767431910921
3.05208e-12,0.0003097688780714912
3.11184e-12,0.0003107430890893991
3.1725e-12,0.000311682478476168
3.2341e-12,0.0003125945463302177
3.29641e-12,0.000313483158867673
3.35842e-12,0.0003143164084051946
3.42212e-12,0.0003151279945606108
3.48694e-12,0.0003159096558903456
3.55103e-12,0.0003166396696106175
3.61768e-12,0.0003173468621538022
3.68528e-12,0.0003180356649061608
3.7546e-12,0.0003186873768498445
3.81726e-12,0.0003192406667919512
3.88757e-12,0.0003198162859962961
3.95831e-12,0.0003203403421444722
4.03127e-12,0.0003208602771336075
4.1e-12,0.000321297785046147
4.17552e-12,0.0003217287609140059
4.25329e-12,0.0003221346512411644
4.33088e-12,0.0003224740057072698
4.41139e-12,0.0003228059624017063
4.493e-12,0.0003230780489096774
4.5773e-12,0.0003233066782863639
4.66079e-12,0.000323484211550052
4.7483e-12,0.0003236164579434373
4.83686e-12,0.0003236968664874694
4.93001e-12,0.0003237237535321141
5.02565e-12,0.000323691454869533
5.12507e-12,0.0003235956162116236
5.22757e-12,0.0003234320327635694
5.33211e-12,0.0003232004458660042
5.4417e-12,0.0003228861521711281
5.5583e-12,0.0003224831062188904
5.67839e-12,0.0003219882570357534
5.79263e-12,0.0003214382090226535
5.90685e-12,0.0003208433583326376
6.03035e-12,0.000320125152026768
6.15832e-12,0.0003192976442914265
6.2892e-12,0.00031837691744331
6.42257e-12,0.0003173687764448267
6.55781e-12,0.000316274969371284
6.69749e-12,0.0003150599381236995
6.83718e-12,0.0003137940882549101
6.97807e-12,0.0003124320783872961
7.11519e-12,0.0003110412785521244
7.24949e-12,0.0003096177949713846
7.38145e-12,0.000308162035888729
7.51131e-12,0.000306671855698672
7.63934e-12,0.0003051576732466938
7.76558e-12,0.0003036308707636917
7.88932e-12,0.0003020884572840978
8.01168e-12,0.0003005259250198753
8.13303e-12,0.0002989410435452734
8.2529e-12,0.0002973427842021082
8.37138e-12,0.0002957325841002981
8.48881e-12,0.000294115245859303
8.60548e-12,0.0002924758461146367
8.72189e-12,0.0002908145177377883
8.83574e-12,0.0002891666777092937
8.94894e-12,0.0002875065499847289
9.06152e-12,0.0002858351982305098
9.17358e-12,0.0002841533198281051
9.2849e-12,0.0002824640000775927
9.39578e-12,0.0002807618890075185
9.50613e-12,0.0002790601336368344
9.61588e-12,0.0002773558865355502
9.72551e-12,0.0002756384907605961
9.83437e-12,0.00027391521235269
9.94253e-12,0.0002721891767430263
1.00504e-11,0.0002704530213917315
1.01582e-11,0.0002687064894143343
1.0266e-11,0.0002669500012371504
1.03739e-11,0.0002651784885259948
1.04823e-11,0.0002633909222116019
1.05911e-11,0.0002615871505893579
1.06978e-11,0.0002598110956331195
1.08061e-11,0.0002579998274640154
1.09165e-11,0.0002561471472094222
1.10275e-11,0.000254281003860676
1.11391e-11,0.000252398941244188
1.12513e-11,0.0002505014301520815
1.13642e-11,0.0002485867193726445
1.14717e-11,0.0002467591680984789
1.15787e-11,0.0002449383976589666
1.16909e-11,0.0002430232662498749
1.17984e-11,0.0002411900628691386
1.19054e-11,0.0002393609076819111
1.20113e-11,0.0002375502381762523
1.21179e-11,0.0002357259250022505
1.2225e-11,0.0002338913817019075
1.23405e-11,0.0002319123492717756
1.24628e-11,0.0002298142061798097
1.25868e-11,0.000227697127976677
1.26959e-11,0.0002258456242417288
1.28209e-11,0.0002237116708820491
1.29481e-11,0.0002215396544268857
1.30767e-11,0.0002193395700147487
1.32063e-11,0.0002171235995253045
1.33369e-11,0.0002148898345207233
1.34687e-11,0.0002126380078522039
1.36018e-11,0.000210369897106885
1.37363e-11,0.0002080839205012976
1.38723e-11,0.0002057791819925222
1.40098e-11,0.0002034582656991106
1.41489e-11,0.0002011200975997469
1.42892e-11,0.0001987703313693758
1.44306e-11,0.0001964110554469393
1.45732e-11,0.0001940413030890421
1.47173e-11,0.0001916569754336323
1.48632e-11,0.0001892528399290242
1.5011e-11,0.0001868296615787949
1.51605e-11,0.0001843918476333555
1.53115e-11,0.0001819398645729936
1.54641e-11,0.0001794753640647782
1.56184e-11,0.0001769992642403276
1.57741e-11,0.0001745094312976917
1.59039e-11,0.0001724433467087913
1.60254e-11,0.0001705209974605379
1.61469e-11,0.0001686176785227229
1.628e-11,0.0001665323704557168
1.64354e-11,0.0001641183587637353
1.66004e-11,0.0001615710306395027
1.67672e-11,0.0001590149559245598
1.69354e-11,0.0001564865545615582
1.70754e-11,0.0001543817632568828
1.72368e-11,0.0001519740759416927
1.74077e-11,0.0001494427145199079
1.75808e-11,0.0001468969890984158
1.7755e-11,0.0001443607823551269
1.7922e-11,0.0001419539311362226
1.80977e-11,0.0001394475850722659
1.82753e-11,0.0001369423813488698
1.84543e-11,0.0001344465475267139
1.86345e-11,0.0001319605524978358
1.88161e-11,0.0001294843855998292
1.89991e-11,0.0001270178715565668
1.91836e-11,0.0001245611226118898
1.93693e-11,0.0001221181579705437
1.95562e-11,0.0001196901148989864
1.97445e-11,0.0001172675349067222
1.99013e-11,0.0001152768559061367
2.00413e-11,0.0001135268217301782
2.02094e-11,0.0001114407000357043
2.0401e-11,0.0001090840816398315
2.05607e-11,0.0001071691268270312
2.0704e-11,0.0001054563271780335
2.08761e-11,0.000103426030474323
2.1074e-11,0.0001011249007823316
2.12752e-11,9.882212757131817e-05
2.14778e-11,9.656142971422091e-05
2.16465e-11,9.46943904725535e-05
2.18485e-11,9.249514780493878e-05
2.20549e-11,9.028406522953749e-05
2.22629e-11,8.809375576836545e-05
2.24724e-11,8.59297569165695e-05
2.26833e-11,8.379311422538612e-05
2.28959e-11,8.168150183191422e-05
2.31105e-11,7.958149449522742e-05
2.32894e-11,7.78755162402687e-05
2.35037e-11,7.586225340681376e-05
2.37225e-11,7.385973068561135e-05
2.39047e-11,7.221035947675251e-05
2.41068e-11,7.041883997308793e-05
2.43269e-11,6.850859213358221e-05
2.45533e-11,6.661112272183813e-05
2.4742e-11,6.505420343364435e-05
2.49685e-11,6.321443624068088e-05
2.52011e-11,6.136704670696173e-05
2.54366e-11,5.953519586582542e-05
2.56329e-11,5.80541643100538e-05
2.58545e-11,5.641610305026906e-05
2.60934e-11,5.47086150458528e-05
2.62925e-11,5.330558410302381e-05
2.65314e-11,5.166591427142114e-05
2.67795e-11,5.001123430632946e-05
2.70304e-11,4.839321849576989e-05
2.72394e-11,4.707118366883997e-05
2.74829e-11,4.557526908235071e-05
2.77409e-11,4.403719674607605e-05
2.80036e-11,4.252069257064557e-05
2.82691e-11,4.10360206282031e-05
2.85365e-11,3.958826409532312e-05
2.88069e-11,3.817110171540014e-05
2.90812e-11,3.680714742724095e-05
2.93098e-11,3.568113539633139e-05
2.95795e-11,3.438721349042913e-05
2.98622e-11,3.30761757788791e-05
3.01505e-11,3.178905522830563e-05
3.04432e-11,3.053151441522953e-05
3.07398e-11,2.930433781275973e-05
3.10405e-11,2.810579525041387e-05
3.13453e-11,2.693598546302164e-05
3.16548e-11,2.579313900941488e-05
3.19691e-11,2.467680984511477e-05
3.22885e-11,2.358658259114514e-05
3.2613e-11,2.252278723247011e-05
3.29429e-11,2.148458254692141e-05
3.32784e-11,2.047185172659976e-05
3.36193e-11,1.948539058046799e-05
3.39652e-11,1.852612827913988e-05
3.43162e-11,1.759399671047603e-05
3.46722e-11,1.668888222955267e-05
3.50333e-11,1.581078287396104e-05
3.53981e-11,1.496206555176827e-05
3.57661e-11,1.414342443943111e-05
3.61368e-11,1.335511129489928e-05
3.64966e-11,1.262260632143735e-05
3.68444e-11,1.194359073611971e-05
3.71815e-11,1.131204222948453e-05
3.75088e-11,1.072255027951913e-05
3.78274e-11,1.017053263567461e-05
3.81382e-11,9.652042907531828e-06
3.8442e-11,9.163742570856837e-06
3.87395e-11,8.702762453014632e-06
3.90314e-11,8.266635957905124e-06
3.93182e-11,7.853166106547815e-06
3.96003e-11,7.460654583611154e-06
3.98781e-11,7.087619513695824e-06
4.0152e-11,6.73251751250413e-06
4.04224e-11,6.394024302111773e-06
4.06898e-11,6.070949745272941e-06
4.09546e-11,5.762241988532026e-06
4.1217e-11,5.466954901536392e-06
4.14776e-11,5.184224937578565e-06
4.17365e-11,4.913285434129181e-06
4.19942e-11,4.653462652185269e-06
4.22508e-11,4.4042204302355e-06
4.25065e-11,4.165260533422177e-06
4.27614e-11,3.936051960297343e-06
4.3016e-11,3.716094360484659e-06
4.32705e-11,3.504965311358362e-06
4.35254e-11,3.302196759099407e-06
4.37809e-11,3.107423511736831e-06
4.40372e-11,2.920568468165988e-06
4.42941e-11,2.741476056652369e-06
4.45521e-11,2.569840064572042e-06
4.48116e-11,2.405361491954582e-06
4.5073e-11,2.247766642890658e-06
4.53366e-11,2.096803971851978e-06
4.56027e-11,1.95238689601384e-06
4.58712e-11,1.814533866455542e-06
4.61425e-11,1.683029585776581e-06
4.6417e-11,1.557657043447256e-06
4.66954e-11,1.43821099694852e-06
4.69781e-11,1.324500505039079e-06
4.72652e-11,1.21656363042594e-06
4.7557e-11,1.114315366598336e-06
4.7854e-11,1.017569804126622e-06
4.81569e-11,9.261438963504454e-07
4.84666e-11,8.398588713257452e-07
4.87833e-11,7.586542629807888e-07
4.91075e-11,6.825002681820038e-07
4.94399e-11,6.112211846904332e-07
4.97817e-11,5.446391898602194e-07
5.01338e-11,4.825829808354055e-07
5.04973e-11,4.250109901971777e-07
5.08726e-11,3.717959355114533e-07
5.12613e-11,3.227772587957907e-07
5.16649e-11,2.777865945709029e-07
5.20852e-11,2.366571938021285e-07
5.25244e-11,1.992647282312274e-07
5.29729e-11,1.6619964337657e-07
5.3419e-11,1.377565542790821e-07
5.3862e-11,1.133535903474481e-07
5.43021e-11,9.242953521256777e-08
5.47392e-11,7.451566343783942e-08
5.51735e-11,5.916953695042575e-08
5.56053e-11,4.609319645718781e-08
5.60348e-11,3.494549557500534e-08
5.64624e-11,2.54113955898279e-08
5.68883e-11,1.728126026605996e-08
5.73128e-11,1.03664067818165e-08
5.77361e-11,8.445822217280843e-09
5.80889e-11,1.091026376045611e-09
5.85033e-11,-3.299886017198426e-09
5.89225e-11,-7.034036695009209e-09
5.93416e-11,-1.019545192005493e-08
5.976e-11,-1.286900982213838e-08
6.01778e-11,-1.512640810184237e-08
6.05953e-11,-1.702976137287719e-08
6.10126e-11,-1.862732806444852e-08
6.14299e-11,-1.996211193782198e-08
6.18475e-11,-2.107178397713173e-08
6.22654e-11,-2.199380505945787e-08
6.26834e-11,-2.2754307943129e-08
6.31018e-11,-2.337677534379133e-08
6.35207e-11,-2.388032466493375e-08
6.394e-11,-2.428973148427529e-08
6.436e-11,-2.458814568310318e-08
6.47807e-11,-2.480279122018136e-08
6.52024e-11,-2.494652485357723e-08
6.56256e-11,-2.502177890234612e-08
6.60505e-11,-2.501708102590325e-08
6.64775e-11,-2.499966010888596e-08
6.69068e-11,-2.496036481629492e-08
6.7339e-11,-2.49035572441477e-08
6.77743e-11,-2.483800099715405e-08
6.82132e-11,-2.475264268816062e-08
6.86559e-11,-2.464464163320302e-08
6.9103e-11,-2.452472025880246e-08
6.95549e-11,-2.439326646105919e-08
7.00123e-11,-2.425726849453516e-08
7.04757e-11,-2.41139891455636e-08
7.09458e-11,-2.39613642911298e-08
7.14233e-11,-2.380855270964175e-08
7.19092e-11,-2.36509260539891e-08
7.24041e-11,-2.348936427908525e-08
7.29091e-11,-2.331061955304641e-08
7.34249e-11,-2.311288352647749e-08
7.39526e-11,-2.292152960301048e-08
7.44932e-11,-2.273209759407266e-08
7.50475e-11,-2.2514102442023e-08
7.5617e-11,-2.229040001257823e-08
7.62028e-11,-2.204692197607149e-08
7.68063e-11,-2.180785759711089e-08
7.74288e-11,-2.15747548610658e-08
7.8071e-11,-2.134121121995673e-08
7.8734e-11,-2.111096922142735e-08
7.94186e-11,-2.089498418282426e-08
8.01257e-11,-2.062114886076621e-08
8.08562e-11,-2.036364989762961e-08
8.16101e-11,-2.011342763192037e-08
8.2388e-11,-1.987054379010988e-08
8.319e-11,-1.962819494225568e-08
8.40164e-11,-1.938501762648348e-08
8.48669e-11,-1.91512753229659e-08
8.57411e-11,-1.890794959397951e-08
8.66389e-11,-1.861930231006268e-08
8.75608e-11,-1.829950826424715e-08
8.85078e-11,-1.799801009622527e-08
8.94791e-11,-1.771954217643184e-08
9.04746e-11,-1.746009304510304e-08
9.14945e-11,-1.715623793572634e-08
9.25394e-11,-1.687577345301465e-08
9.36087e-11,-1.66132218872584e-08
9.47032e-11,-1.637312683796677e-08
9.58235e-11,-1.60912792329669e-08
9.69709e-11,-1.583246976605308e-08
9.81452e-11,-1.559693293829835e-08
9.93476e-11,-1.527315362267858e-08
1.00581e-10,-1.496202938110337e-08
1.01845e-10,-1.4693738238862e-08
1.03141e-10,-1.439876389754758e-08
1.04471e-10,-1.412283690857111e-08
1.05835e-10,-1.386153664068485e-08
1.07235e-10,-1.36192661341802e-08
1.08672e-10,-1.334357216517174e-08
1.10147e-10,-1.314276133707542e-08
1.11664e-10,-1.286997891759981e-08
1.13225e-10,-1.261718561109584e-08
1.14831e-10,-1.235211796708917e-08
1.16483e-10,-1.229631992158805e-08
1.18184e-10,-1.182497140716622e-08
1.19936e-10,-1.159122112613458e-08
1.21741e-10,-1.134187626177054e-08
1.23603e-10,-1.106893237138411e-08
1.25525e-10,-1.08139396246937e-08
1.27511e-10,-1.056526715444018e-08
1.29564e-10,-1.032053121747434e-08
1.31689e-10,-1.005183133910442e-08
1.3389e-10,-9.775631383996862e-09
1.36174e-10,-9.5247179583967e-09
1.38544e-10,-9.281922752666845e-09
1.40997e-10,-9.047085583949362e-09
1.43545e-10,-8.795352933755302e-09
1.46201e-10,-8.53837589182837e-09
1.48971e-10,-8.278010161780756e-09
1.51871e-10,-8.003339709663843e-09
1.54913e-10,-7.755888708437467e-09
1.58105e-10,-7.523054715326095e-09
1.61579e-10,-7.267327428371289e-09
1.65437e-10,-6.967098248002277e-09
1.69792e-10,-6.6723061418199e-09
1.74715e-10,-6.363629710657118e-09
1.80329e-10,-6.044681944869602e-09
1.86786e-10,-5.692832400564654e-09
1.94305e-10,-5.337285108488345e-09
2.03237e-10,-4.942445154645265e-09
2.1309e-10,-4.556007597937277e-09
2.23945e-10,-4.181452741104616e-09
2.35983e-10,-3.823724042937674e-09
2.49547e-10,-3.460734464529521e-09
2.64817e-10,-3.114670909649448e-09
2.82157e-10,-2.774690829673157e-09
3.02073e-10,-2.441823989790697e-09
3.25141e-10,-2.123459775922602e-09
3.52291e-10,-1.814147663347947e-09
3.84872e-10,-1.515122752586724e-09
4.23969e-10,-1.234249130873474e-09
4.70885e-10,-9.758073946565888e-10
5.27185e-10,-7.40902278871945e-10
5.94744e-10,-5.4665426152955e-10
6.75815e-10,-3.830467700226777e-10
7.73101e-10,-2.54675000219568e-10
8.89843e-10,-1.592101499263955e-10
1.02993e-09,-9.285292327982722e-11
1.19804e-09,-5.005640131010712e-11
1.39977e-09,-2.473030516568326e-11
1.64185e-09,-1.110090860297309e-11
1.93235e-09,-4.489235252858674e-12
2.28094e-09,-1.622158401769783e-12
2.69925e-09,-5.195604905904225e-13
3.20122e-09,-1.462543176365709e-13
3.80358e-09,-3.573209925771092e-14
4.52642e-09,-7.294927099965248e-15
5.39383e-09,-9.716071479255001e-16
6.43472e-09,2.374400878819848e-16
7.68378e-09,4.3534372863969e-16
9.18266e-09,4.629685767240425e-16
1.09813e-08,4.662427585332617e-16
1.31397e-08,4.665752305543283e-16
1.57298e-08,4.666015308743808e-16
1.88378e-08,4.665951233212584e-16
2.25675e-08,4.666053811181548e-16
2.70432e-08,4.666004821828847e-16
3.24139e-08,4.666003474000297e-16
3.88588e-08,4.666004520707487e-16
4.65927e-08,4.666003148843758e-16
5.58734e-08,4.666003826149159e-16
6.70102e-08,4.666003118209181e-16
8.03743e-08,4.666004311119187e-16
9.64113e-08,4.666003144503716e-16
1.15656e-07,4.666004796909728e-16
1.38749e-07,4.666002706709644e-16
1.66461e-07,4.666004062870007e-16
1.99715e-07,4.666003147653383e-16
2.3962e-07,4.666003836672887e-16
2.87507e-07,4.666003512534746e-16
3.4497e-07,4.666003195522626e-16
4.13926e-07,4.666003179117215e-16
4.96673e-07,4.6660033262417e-16
5.9597e-07,4.666003309125035e-16
7.15126e-07,4.666004318128633e-16
8.57563e-07,4.66600316350547e-16
9.28782e-07,4.666004161067843e-16
1e-06,4.666003812423575e-16